INSERT INTO "public"."auth_group" ("id", "name") VALUES 
('2', 'Administrador'),
('3', 'Gestor'),
('4', 'Tecnico');

INSERT INTO "public"."auth_user" ("id", "password", "last_login", "is_superuser", "username", "first_name", "last_name", "email", "is_staff", "is_active", "date_joined") VALUES 
('1', 'pbkdf2_sha256$150000$QUvpelrwAw7r$5HPQvgbVxeKrMNZIdpuB1d+nEZELBgq/ETJIdsopsTs=', '2019-05-08 10:57:14.273069+01', 't', 'admin@alunos.uminho.pt', '', '', 'admin@alunos.uminho.pt', 't', 't', '2019-04-10 19:22:09.457293+01'),
('4', 'pbkdf2_sha256$150000$avHO5ClLaaTq$pgcBGWBIxCcnYS8ca0SaykMAo6cbIq+AP2xIKvhS/ks=', NULL, 'f', 'a75281@alunos.uminho.pt', 'Salete', 'Teixeira', 'a75281@alunos.uminho.pt', 'f', 't', '2019-04-27 19:15:18+01'),
('5', 'pbkdf2_sha256$150000$aDR8TPo3LfI8$+oZktFupyv9MEpf1POz1HnBwk4zlq0sVpLHMoQvVTJk=', NULL, 'f', 'a77531@alunos.uminho.pt', 'Daniel', 'Maia', 'a77531@alunos.uminho.pt', 'f', 't', '2019-04-27 19:16:31+01'),
('6', 'pbkdf2_sha256$150000$GVbYWFIMaCO2$4vZPAYsLFdd1BNh6CoLCqSQ44L5eS/gVGsIVe9Zai1s=', '2019-04-27 23:57:57.226051+01', 'f', 'a79175@alunos.uminho.pt', 'Vitor', 'Peixoto', 'a79175@alunos.uminho.pt', 'f', 't', '2019-04-27 19:17:15+01');

INSERT INTO "public"."auth_user_groups" ("id", "user_id", "group_id") VALUES 
('3', '4', '2'),
('4', '5', '3'),
('5', '6', '4');

INSERT INTO "public"."auth_group_permissions" ("id", "group_id", "permission_id") VALUES 
('9', '2', '41'),
('10', '2', '13'),
('11', '2', '53'),
('12', '2', '56'),
('13', '2', '58'),
('14', '2', '60'),
('15', '3', '25'),
('16', '3', '26'),
('17', '3', '27'),
('18', '3', '28'),
('19', '3', '29'),
('20', '3', '30'),
('21', '3', '31'),
('22', '3', '32'),
('23', '3', '33'),
('24', '3', '34'),
('25', '3', '35'),
('26', '3', '36'),
('27', '3', '37'),
('28', '3', '38'),
('29', '3', '39'),
('30', '3', '40'),
('31', '3', '41'),
('32', '3', '44'),
('33', '3', '48'),
('34', '3', '49'),
('35', '3', '50'),
('36', '3', '51'),
('37', '3', '52'),
('38', '3', '54'),
('39', '3', '56'),
('40', '3', '64'),
('41', '4', '32'),
('42', '4', '64'),
('43', '4', '65'),
('44', '4', '66'),
('46', '4', '37'),
('47', '4', '38'),
('48', '4', '39'),
('49', '4', '40'),
('50', '4', '67'),
('51', '4', '68'),
('52', '4', '45'),
('53', '4', '46'),
('54', '4', '47'),
('55', '4', '48'),
('56', '4', '50'),
('57', '4', '52'),
('58', '4', '56'),
('59', '4', '61');

INSERT INTO "public"."server_clube" ("id", "nome", "cor", "simbolo") VALUES 
('1', 'FC Porto', '#0F579E', 'https://upload.wikimedia.org/wikipedia/en/thumb/f/f1/FC_Porto.svg/1200px-FC_Porto.svg.png'),
('2', 'SL Benfica', '#EF2F22', 'https://www.zerozero.pt/img/logos/equipas/4_imgbank.png'),
('3', 'Sporting CP', '#1B6F47', 'https://seeklogo.com/images/S/sporting-lisbon-sporting-clube-de-portugal-logo-87718592BF-seeklogo.com.png'),
('4', 'UD Oliveirense', '#E0241E', 'https://www.zerozero.pt/img/logos/equipas/2199_imgbank.png'),
('5', 'OC Barcelos', '#2A1B70', 'https://www.zerozero.pt/img/logos/equipas/209914_imgbank.png'),
('6', 'Juventude Viana', '#FF7500', 'https://www.zerozero.pt/img/logos/equipas/209908_imgbank.png'),
('7', 'Riba D''Ave HC', '#E0241E', 'https://www.zerozero.pt/img/logos/equipas/209915_imgbank.png'),
('8', 'HC Braga', '#0F579E', 'https://www.zerozero.pt/img/logos/equipas/210065_imgbank.png'),
('9', 'HC Turquel', '#111111', 'https://www.zerozero.pt/img/logos/equipas/209898_imgbank.png'),
('10', 'AD Valongo', '#3B6F47', 'https://www.zerozero.pt/img/logos/equipas/209909_imgbank.png'),
('11', 'Paço de Arcos', '#0F379E', 'https://www.zerozero.pt/img/logos/equipas/209911_imgbank.png'),
('12', 'AD Oeiras', '#EF2F22', 'https://www.zerozero.pt/img/logos/equipas/3936_imgbank.png'),
('13', 'SC Tomar', '#6BA122', 'https://www.zerozero.pt/img/logos/equipas/58074_imgbank.png'),
('14', 'SC Marinhense', '#00713C', 'https://www.zerozero.pt/img/logos/equipas/214133_imgbank.png'),
('15', 'FC Barcelona', '#7F001F', 'http://pngimg.com/uploads/fcb_logo/fcb_logo_PNG25.png');

INSERT INTO "public"."server_formacao" ("id", "nome", "clube_id") VALUES 
('1', 'Séniores', '1'),
('2', 'Séniores', '2'),
('3', 'Séniores', '3'),
('4', 'Séniores', '4'),
('5', 'Séniores', '5'),
('6', 'Séniores', '6'),
('7', 'Séniores', '7'),
('8', 'Séniores', '8'),
('9', 'Séniores', '9'),
('10', 'Séniores', '10'),
('11', 'Séniores', '11'),
('12', 'Séniores', '12'),
('13', 'Séniores', '13'),
('14', 'Séniores', '14'),
('15', 'Séniores', '15');

INSERT INTO "public"."server_jogo" ("id", "tipo", "casa", "data", "hora", "grelhaCampo", "grelhaBaliza", "adversario_id", "formacao_id", "numero", "ativo", "duracao", "partes", "convocados") VALUES 
('0', 'Competição', 'f', '2019-04-27', '17:00:00', '8x4', '3x3', '5', '1', '0', 't', '20', '2', 't'),
('1', 'Competição', 'f', '2019-05-04', '19:30:00', '8x4', '3x3', '3', '1', '1', 't', '20', '2', 't'),
('2', 'Competição', 'f', '2019-05-11', '12:00:00', '8x4', '3x3', '15', '1', '2', 't', '20', '2', 't'),
('3', 'Competição', 't', '2019-05-15', '21:00:00', '8x4', '3x3', '7', '1', '3', 't', '20', '2', 't'),
('4', 'Competição', 'f', '2019-05-19', '16:00:00', '8x4', '3x3', '10', '1', '4', 't', '20', '2', 't'),
('5', 'Competição', 't', '2019-05-25', '18:00:00', '8x4', '3x3', '9', '1', '5', 't', '10', '4', 't'),
('6', 'Competição', 't', '2019-03-16', '17:00:00', '8x4', '3x3', '3', '1', '6', 'f', '20', '2', 't');

INSERT INTO "public"."server_tecnico" ("id", "email", "grelhaCampo", "grelhaBaliza", "clube_id") VALUES 
('0', 'a79175@alunos.uminho.pt', '8x4', '3x3', '1');

INSERT INTO "public"."server_gestor" ("id", "email", "clube_id") VALUES 
('0', 'a77531@alunos.uminho.pt', '1');

INSERT INTO "public"."server_atleta" ("id", "nome", "licenca", "camisola", "formacao_id") VALUES 
('0', 'Carles Grau', '0', '1', '1'),
('1', 'Nélson Filipe', '1', '10', '1'),
('2', 'Telmo Pinto', '2', '5', '1'),
('3', 'Reinaldo García', '3', '57', '1'),
('4','Poka Oliveira', '4', '18', '1'),
('5','Hélder Nunes', '5', '78', '1'),
('6','Andrés Castaño','6','4','1'),
('7','Rafa Costa','7','9','1'),
('8','Gonçalo Alvez','8','77','1'),
('9','Giulio Cocco','9','7','1'),
('10','Hugo Santos','10','17','1'),
('11','Pedro Henriques','11','1','2'),
('12','Marco Barros','12','13','2'),
('13','Valter Neves','13','2','2'),
('14','Diogo Rafael','14','4','2'),
('15','João Maló', '15','8','2'),
('16','Xavier Cardoso','16','39','2'),
('17','Albert Casanovas','17','3','2'),
('18','Miguel Fortunato','18','6','2'),
('19','Miguel Vieira','19','74','2'),
('20','Miguel Feio','20','67','2'),
('21','Jordi Adroher','21','7','2'),
('22','Miguel Rocha','22','44','2'),
('23','Carlos Nicolía','23','5','2'),
('24','Lucas Ordóñez','24','9','2'),
('25','Tiago Freitas','25','6','3'),
('26','Zé Diogo Macedo','26','91','3'),
('27','Ângelo Girão','27','61','3'),
('28','João Pedro Pereira','28','31','3'),
('29','Caio','29','8','3'),
('30','Henrique Magalhães','30','88','3'),
('31','Ferran Font','31','4','3'),
('32','Matías Platero','32','17','3'),
('33','Facundo Navarro','33','60','3'),
('34','Pedro Gil','34','9','3'),
('35','Raul Marín','35','27','3'),
('36','Toni Pérez','36','57','3'),
('37','Alvarinho','37','80','3'),
('38','Diogo Miranda','38','50','3'),
('39','João Pinto','39','16','3'),
('40','Vítor Hugo','40','30','3'),
('41','Gonzalo Romero','41','99','3'),
('42','Domingos Pinho','42','26','4'),
('43','Xavier Puigbí','43','88','4'),
('44','Diogo Almeida','44','88','4'),
('45','Xavi Barroso','45','6','4'),
('46','Jordi Bargalló','46','9','4'),
('47','Pedro Moreira','47','7','4'),
('48','João Dias','48','30','4'),
('49','Gabriel Monteiro','49','36','4'),
('50','Jorge Silva','50','15','4'),
('51','Ricardo Barreiros','51','77','4'),
('52','Bruno Caniceiro','52','84','4'),
('53','Marc Torra','53','8','4'),
('54','Pablo Cancela','54','74','4'),
('55','Emanuel García','55','84','4'),
('56','Ricardo Silva','56','1','5'),
('57','André Almeida','57','10','5'),
('58','Elói Martins','58','63','5'),
('59','Carlos Oliveira','59','5','5'),
('60','Gonçalo Nunes','60','33','5'),
('61','Zé Pedro','61','4','5'),
('62','Gonçalo Meira','62','16','5'),
('63','Rúben Sousa','63','66','5'),
('64','Pedro Freitas','64','33','5'),
('65','João Guimarães','65','7','5'),
('66','Alvarinho','66','74','5'),
('67','João Almeida','67','6','5'),
('68','Hugo Costa','68','9','5'),
('69','Telmo Fernandes','69','1','6'),
('70','Bruno Guia','70','61','6'),
('71','Jorge Correia','71','28','6'),
('72','Remi Herman','72','4','6'),
('73','Nuno Santos','73','22','6'),
('74','Francisco Silva','74','6','6'),
('75','Nélson Pereira','75','37','6'),
('76','Gustavo Lima','76','2','6'),
('77','Arnau Xaus','77','9','6'),
('78','Luís Viana','78','44','6'),
('79','Tó Silva','79','8','6'),
('80','Gonçalo Suíssas','80','17','6'),
('81','Diogo Fernandes','81','67','7'),
('82','Pedro Freitas','82','81','7'),
('83','Eduardo Mota','83','30','7'),
('84','Tomás Pereira','84','4','7'),
('85','Daniel Pinheiro','85','44','7'),
('86','Raul Meca','86','5','7'),
('87','Guilherme Ferreira','87','3','7'),
('88','Diogo Seixas','88','8','7'),
('89','Bruno Serôndio','89','55','7'),
('90','Diogo Casanova','90','7','7'),
('91','Hugo Azevedo','91','33','7'),
('92','Micolli','92','9','7'),
('93','Edgar Alves','93','40','7'),
('94','Constantino Acevedo','94','1','8'),
('95','Gabriel Costa','95','10','8'),
('96','Gonçalo Botelho','96','9','8'),
('97','Juan López','97','3','8'),
('98','Ângelo Fernandes','98','6','8'),
('99','Lucas Vasquez','99','11','8'),
('100','António Trabulo','100','4','8'),
('101','Afonso Lima','101','64','8'),
('102','Rodrigo Botelho','102','2','8'),
('103','Pedro Silva','103','8','8'),
('104','Tomás Castanheira','104','87','8'),
('105','Carlos Loureiro','105','7','8'),
('106','Pedro Delgado','106','73','8'),
('107','Lucas Ferreira','107','1','9'),
('108','Samuel Santos','108','10','9'),
('109','Gonçalo Duarte','109','2','9'),
('110','Diogo Almeida','110','23','9'),
('111','Lucas Vicente','111','3','9'),
('112','André Moreira','112','7','9'),
('113','Zé Costa','113','74','9'),
('114','Daniel Matias','114','4','9'),
('115','André Pimenta','115','24','9'),
('116','Miguel Vicente','116','5','9'),
('117','Vasco Luís','117','9','9'),
('118','João Souto','118','44','9'),
('119','Pedro Batista','119','8','9'),
('120','Luís Silva','120','22','9'),
('121','Tiago Mateus','121','58','9'),
('122','Diogo Vale','122','1','10'),
('123','Bernardo Mendes','123','12','10'),
('124','Leonardo Pais','124','10','10'),
('125','Miguel Moura','125','2','10'),
('126','Diogo Barata','126','3','10'),
('127','Carlos Ramos','127','5','10'),
('128','Pedro Mendes','128','49','10'),
('129','Hugo Barata','129','6','10'),
('130','Nuno Araújo','130','4','10'),
('131','Diogo Abreu','131','8','10'),
('132','João Pedro','132','8','10'),
('133','Rafael Moreira','133','9','10'),
('134','Diogo Fernandes','134','7','10'),
('135','Rúben Pereira','135','57','10'),
('136','João Souto','136','44','10'),
('137','Gonçalo Neto','137','11','10'),
('138','Luís Melo','138','20','10'),
('139','Gonçalo Pinto','139','77','10'),
('140','Tomás Teixeira','140','10','11'),
('141','Diogo Rodrigues','141','1','11'),
('142','Énio Abreu','142','32','11'),
('143','Daniel Machial','143','12','11'),
('144','João Mendes','144','21','11'),
('145','Tiago Gouveia','145','2','11'),
('146','Tomás Moreira','146','7','11'),
('147','Pedro Vaz','147','26','11'),
('148','Rodrigo Afonso','148','74','11'),
('149','Zé Tiago','149','5','11'),
('150','Diogo Silva','150','8','11'),
('151','Paulo Jesus','151','3','11'),
('152','Bruno Frade','152','6','11'),
('153','Rafael Lourenço','153','44','11'),
('154','Nélson Ribeiro','154','4','11'),
('155','Filipe Fernandes','155','9','11'),
('156','Tiago Simões','156','12','12'),
('157','Bernardo Salvador','157','10','12'),
('158','António Mendonça','158','1','12'),
('159','Ricardo Diogo','159','30','12'),
('160','Joka Alves','160','3','12'),
('161','Diogo Neves','161','8','12'),
('162','Mathias Arnáez','162','2','12'),
('163','Miguel Sardinha','163','4','12'),
('164','Tiago Nogueira','164','9','12'),
('165','Gonçalo Conceição','165','5','12'),
('166','Ezequiel Mena','166','7','12'),
('167','Franco Ferruccio','167','6','12'),
('168','Diogo Alvez','168','13','12'),
('169','José Pereira','169','12','13'),
('170','Diogo Alves','170','47','13'),
('171','Carlitos','171','10','13'),
('172','Henrique Nunes','172','50','13'),
('173','Duarte Ferreira','173','3','13'),
('174','João Candeias','174','23','13'),
('175','Xanoca Marques','175','79','13'),
('176','Pedro Mendes','176','53','13'),
('177','Manuel Neves','177','17','13'),
('178','Pedro Martins','178','74','13'),
('179','Joka Alves','179','55','13'),
('180','João Sardo','180','5','13'),
('181','Guilherme Silva','181','19','13'),
('182','Ivo Silva','182','9','13'),
('183','Hernâni Diniz','183','44','13'),
('184','Marco Gaspar','184','10','14'),
('185','Nuno Peça','185','31','14'),
('186','Márcio Ornelas','186','21','14'),
('187','João Lomba','187','4','14'),
('188','Dário Santo','188','7','14'),
('189','Filipe Almeida','189','18','14'),
('190','Gonçalo Louzada','190','5','14'),
('191','Pedro Coelho','191','17','14'),
('192','Gonçalo Domingues','192','2','14'),
('193','David Costa','193','26','14'),
('194','Nicolás Carmona','194','8','14'),
('195','Filipe Vaz','195','96','14'),
('196','Aitor Egurrola','196','1','15'),
('197','Sergi Fernández','197','10','15'),
('198','Marc González','198','50','15'),
('199','Marc Gual','199','3','15'),
('200','Nil Roca','200','24','15'),
('201','Antonio Miguélez','201','77','15'),
('202','Àlex Joseph','202','2','15'),
('203','Matías Pascual','203','4','15'),
('204','Ignacio Alabart','204','33','15'),
('205','Pablo Álvarez','205','7','15'),
('206','Sergi Panadero','206','9','15'),
('207','Pau Bargalló','207','8','15'),
('208','João Rodrigues','208','79','15');

INSERT INTO "public"."server_tipoevento" ("id", "tipo", "atleta1", "atleta2", "zonaCampo", "zonaBaliza", "novoinstante", "equipa") VALUES 
('0', 'Golo', 't', 'f', 't', 't', 'f', 't'),
('1', 'Remate à baliza', 't', 'f', 't', 't', 'f', 't'),
('2', 'Remate intercetado', 't', 'f', 't', 'f', 'f', 't'),
('3', 'Remate fora', 't', 'f', 't', 'f', 'f', 't'),
('4', 'Substituição', 't', 't', 'f', 'f', 'f', 't'),
('5', 'Perda de bola', 't', 'f', 't', 'f', 'f', 't'),
('6', 'Roubo de bola', 't', 'f', 't', 'f', 'f', 't'),
('7', 'Cartão azul', 't', 'f', 't', 'f', 'f', 't'), --Podia-se pro o novo instante 2 minutos à frente para quando o jogador pode voltar a jogar talvez?
('8', 'Cartão vermelho', 't', 'f', 't', 'f', 'f', 't'), --Podia-se pro o novo instante 4 minutos à frente para quando puder vir alguém substituir talvez?
('9', 'Erro próprio', 't', 'f', 't', 'f', 'f', 't'),
('10', 'Powerplay', 'f', 'f', 'f', 'f', 'f', 't'), --Principalmente um resultado de cartão azul/vermelho
('11', 'Fim de Powerplay', 'f', 'f', 'f', 'f', 'f', 't'),
('12', 'Livre Direto', 't', 'f', 't', 'f', 'f', 't'),
('13', 'Penalti', 't', 'f', 't', 'f', 'f', 't'),
('14', 'Golpe duplo', 'f', 'f', 't', 'f', 'f', 'f'),
('15', 'Time-out', 'f', 'f', 'f', 'f', 'f', 't'), --Cada equipa pode solicitar um desconto de tempo (“time-out”), com a duração de um minuto, em cada uma das partes do tempo regulamentar (no prolongamento de um jogo não podem ser concedidos descontos de tempo).
('16', 'Alterar relógio', 'f', 'f', 'f', 'f', 't', 'f');

INSERT INTO "public"."server_tiposselecionados" ("id", "tecnico_id", "tipo_id") VALUES
('0', '0', '0'),
('1', '0', '1'),
('2', '0', '4'),
('3', '0', '15');

INSERT INTO "public"."server_evento" ("id", "zonaCampo", "zonaBaliza", "instante", "novoinstante", "timestamp", "atleta1_id", "atleta2_id", "equipa_id", "jogo_id", "tipo_id", "parte", "sinalizado") VALUES 
('0', '6', '9', '00:05:12', NULL, '2019-03-16 17:05:14.347796+00', '0', NULL, '1', '6', '0', '1', 't'),
('1', '11', '9', '00:08:50', NULL, '2019-03-16 17:08:52.347796+00', '1', NULL, '1', '6', '0', '1', 'f'),
('2', '7', '3', '00:30:36', NULL, '2019-03-16 17:40:36.347796+00', '2', NULL, '1', '6', '0', '1', 't'),
('3', '26', '9', '00:21:21', NULL, '2019-03-16 17:21:23.347796+00', '3', NULL, '3', '6', '0', '1', 't'),
('4', '10', '3', '00:32:12', NULL, '2019-03-16 17:42:23.347796+00', '2', NULL, '1', '6', '1', '1', 'f'),
('5', '6', NULL, '00:35:12', NULL, '2019-03-16 17:45:23.347796+00', '0', NULL, '1', '6', '2', '1', 'f'),
('6', NULL, NULL, '00:26:31', NULL, '2019-03-16 17:36:23.347796+00', '1', '2', '1', '6', '4', '1', 'f'),
('7', '6', NULL, '00:22:12', NULL, '2019-05-25 19:32:23.347796+01', '0', NULL, '1', '5', '2', '1', 'f');





